-- phpMyAdmin SQL Dump
-- version phpStudy 2014
-- http://www.phpmyadmin.net
--
-- ä¸»æœº: localhost
-- ç”Ÿæˆæ—¥æœŸ: 2018 å¹?08 æœ?03 æ—?09:06
-- æœåŠ¡å™¨ç‰ˆæœ¬: 5.5.53
-- PHP ç‰ˆæœ¬: 5.6.27

SET SQL_MODE="NO_AUTO_VALUE_ON_ZERO";
SET time_zone = "+00:00";


/*!40101 SET @OLD_CHARACTER_SET_CLIENT=@@CHARACTER_SET_CLIENT */;
/*!40101 SET @OLD_CHARACTER_SET_RESULTS=@@CHARACTER_SET_RESULTS */;
/*!40101 SET @OLD_COLLATION_CONNECTION=@@COLLATION_CONNECTION */;
/*!40101 SET NAMES utf8 */;

--
-- æ•°æ®åº“: `bick`
--
CREATE DATABASE `bick` DEFAULT CHARACTER SET utf8 COLLATE utf8_general_ci;
USE `bick`;

-- --------------------------------------------------------

--
-- è¡¨çš„ç»“æ„ `admin`
--

CREATE TABLE IF NOT EXISTS `admin` (
  `id` mediumint(8) unsigned NOT NULL AUTO_INCREMENT,
  `name` varchar(20) NOT NULL,
  `password` char(40) NOT NULL,
  PRIMARY KEY (`id`)
) ENGINE=MyISAM  DEFAULT CHARSET=utf8 AUTO_INCREMENT=11 ;

--
-- è½¬å­˜è¡¨ä¸­çš„æ•°æ® `admin`
--

INSERT INTO `admin` (`id`, `name`, `password`) VALUES
(1, 'ç¼–è¾‘', 'e10adc3949ba59abbe56e057f20f883e'),
(2, 'ç¬¬äºŒ', '123456'),
(3, 'æäº¤', 'e10adc3949ba59abbe56e057f20f883e'),
(6, 'admin1', 'e10adc3949ba59abbe56e057f20f883e'),
(7, '1', '58495450da8054b87a282e161067df3a'),
(8, '11111111111', '2b97cb3305e4b85ba2ba904cecff5601'),
(9, '222222222', 'e10adc3949ba59abbe56e057f20f883e'),
(10, 'æ ç›®æ·»åŠ å‘˜', 'e10adc3949ba59abbe56e057f20f883e');

-- --------------------------------------------------------

--
-- è¡¨çš„ç»“æ„ `article`
--

CREATE TABLE IF NOT EXISTS `article` (
  `id` mediumint(9) NOT NULL AUTO_INCREMENT,
  `title` varchar(60) NOT NULL COMMENT 'æ–‡ç« æ ‡é¢˜',
  `keyword` varchar(100) NOT NULL COMMENT 'å…³é”®å­—',
  `desc` varchar(255) NOT NULL COMMENT 'æè¿°',
  `thumb` varchar(160) NOT NULL COMMENT 'ç¼©ç•¥å›¾',
  `author` varchar(30) NOT NULL COMMENT 'ä½œè€…',
  `content` text NOT NULL COMMENT 'å†…å®¹',
  `click` mediumint(9) NOT NULL DEFAULT '0' COMMENT 'ç‚¹å‡»æ¬¡æ•°',
  `zan` mediumint(9) NOT NULL DEFAULT '0' COMMENT 'ç‚¹èµæ•°',
  `time` int(10) NOT NULL COMMENT 'å‘å¸ƒæ—¶é—´',
  `cateid` mediumint(9) NOT NULL COMMENT 'æ‰€å±æ ç›®',
  PRIMARY KEY (`id`)
) ENGINE=MyISAM  DEFAULT CHARSET=utf8 AUTO_INCREMENT=9 ;

--
-- è½¬å­˜è¡¨ä¸­çš„æ•°æ® `article`
--

INSERT INTO `article` (`id`, `title`, `keyword`, `desc`, `thumb`, `author`, `content`, `click`, `zan`, `time`, `cateid`) VALUES
(1, 'æ ‡é¢˜', 'å…³é”®å­—', 'æè¿°', '', 'ä½œè€…', '<p><label class="col-sm-2 control-label no-padding-right" style="box-sizing: border-box; display: inline-block; max-width: 100%; margin-bottom: 0px; font-size: 13px; vertical-align: middle; position: relative; min-height: 1px; padding-left: 15px; float: left; width: 274.156px; padding-top: 7px; text-align: right; padding-right: 0px !important;">æ–‡ç« å†…å®¹</label></p><p>è‡ªå®šä¹‰æ ‡é¢˜</p><p>æ®µè½æ ¼å¼</p><p>å­—ä½“</p><p>å­—å·</p><p><iframe style="box-sizing: border-box; display: block; width: 20px; height: 20px; overflow: hidden; border-width: 0px; border-style: initial; margin: 0px; padding: 0px; position: absolute; top: 0px; left: 0px; opacity: 0; cursor: pointer;"></iframe></p><p>ä»£ç è¯­è¨€</p><p><label class="col-sm-2 control-label no-padding-right" style="box-sizing: border-box; display: inline-block; max-width: 100%; margin-bottom: 0px; font-size: 13px; vertical-align: middle; position: relative; min-height: 1px; padding-left: 15px; float: left; width: 274.156px; padding-top: 7px; text-align: right; padding-right: 0px !important;">æ–‡ç« å†…å®¹</label></p><p>è‡ªå®šä¹‰æ ‡é¢˜</p><p>æ®µè½æ ¼å¼</p><p>å­—ä½“</p><p>å­—å·</p><p><iframe style="box-sizing: border-box; display: block; width: 20px; height: 20px; overflow: hidden; border-width: 0px; border-style: initial; margin: 0px; padding: 0px; position: absolute; top: 0px; left: 0px; opacity: 0; cursor: pointer;"></iframe></p><p>ä»£ç è¯­è¨€</p><p><br/></p>', 0, 0, 0, 1),
(2, 'æ ‡é¢˜2', 'å…³é”®å­—', 'æè¿°', '', 'ä½œè€…', '<p><label class="col-sm-2 control-label no-padding-right" style="box-sizing: border-box; display: inline-block; max-width: 100%; margin-bottom: 0px; font-size: 13px; vertical-align: middle; position: relative; min-height: 1px; padding-left: 15px; float: left; width: 274.156px; padding-top: 7px; text-align: right; color: rgb(68, 68, 68); font-family: &quot;Open Sans&quot;, &quot;Segoe UI&quot;; white-space: normal; background-color: rgb(251, 251, 251); padding-right: 0px !important;">æè¿°</label><label class="col-sm-2 control-label no-padding-right" style="box-sizing: border-box; display: inline-block; max-width: 100%; margin-bottom: 0px; font-size: 13px; vertical-align: middle; position: relative; min-height: 1px; padding-left: 15px; float: left; width: 274.156px; padding-top: 7px; text-align: right; color: rgb(68, 68, 68); font-family: &quot;Open Sans&quot;, &quot;Segoe UI&quot;; white-space: normal; background-color: rgb(251, 251, 251); padding-right: 0px !important;">æè¿°</label></p>', 0, 0, 1531201320, 15),
(3, 'æ ‡é¢˜23', 'å®‰å…¨', 'æè¿°', '\\uploads/20180710\\5dfc328358ea0b046d536b22276a787f.jpg', 'ä½œè€…', '<p><label class="col-sm-2 control-label no-padding-right" style="box-sizing: border-box; display: inline-block; max-width: 100%; margin-bottom: 0px; font-size: 13px; vertical-align: middle; position: relative; min-height: 1px; padding-left: 15px; float: left; width: 274.156px; padding-top: 7px; text-align: right; color: rgb(68, 68, 68); font-family: &quot;Open Sans&quot;, &quot;Segoe UI&quot;; white-space: normal; background-color: rgb(251, 251, 251); padding-right: 0px !important;">æè¿°</label><span style="color: rgb(68, 68, 68); font-family: &quot;Open Sans&quot;, &quot;Segoe UI&quot;; font-size: 13px; text-align: right; background-color: rgb(251, 251, 251);">æ ç›®</span><span style="color: rgb(68, 68, 68); font-family: &quot;Open Sans&quot;, &quot;Segoe UI&quot;; font-size: 13px; text-align: right; background-color: rgb(251, 251, 251);">æ ç›®</span><span style="color: rgb(68, 68, 68); font-family: &quot;Open Sans&quot;, &quot;Segoe UI&quot;; font-size: 13px; text-align: right; background-color: rgb(251, 251, 251);">æ ç›®</span></p>', 0, 0, 1531203134, 1),
(4, 'æ ‡é¢˜', 'å®‰å…¨', 'æè¿°', '\\uploads/20180710\\4f55ed5e6cd67e678985ba4f235d4003.jpg', 'ä½œè€…', '<p><span style="color: rgb(68, 68, 68); font-family: &quot;Open Sans&quot;, &quot;Segoe UI&quot;; font-size: 13px; text-align: right; background-color: rgb(251, 251, 251);">æè¿°</span><span style="color: rgb(68, 68, 68); font-family: &quot;Open Sans&quot;, &quot;Segoe UI&quot;; font-size: 13px; text-align: right; background-color: rgb(251, 251, 251);">æè¿°</span><span style="color: rgb(68, 68, 68); font-family: &quot;Open Sans&quot;, &quot;Segoe UI&quot;; font-size: 13px; text-align: right; background-color: rgb(251, 251, 251);">æè¿°</span><span style="color: rgb(68, 68, 68); font-family: &quot;Open Sans&quot;, &quot;Segoe UI&quot;; font-size: 13px; text-align: right; background-color: rgb(251, 251, 251);">æè¿°</span></p>', 0, 0, 1531203284, 1),
(5, '111', 'å®‰å…¨', 'æè¿°', '\\uploads/20180710\\b9da94f3b2281852dff7f8e65dc27a4d.jpg', 'ä½œè€…', '<p><label class="col-sm-2 control-label no-padding-right" style="box-sizing: border-box; display: inline-block; max-width: 100%; margin-bottom: 0px; font-size: 13px; vertical-align: middle; position: relative; min-height: 1px; padding-left: 15px; float: left; width: 274.156px; padding-top: 7px; text-align: right; color: rgb(68, 68, 68); font-family: &quot;Open Sans&quot;, &quot;Segoe UI&quot;; white-space: normal; background-color: rgb(251, 251, 251); padding-right: 0px !important;">æè¿°</label><label class="col-sm-2 control-label no-padding-right" style="box-sizing: border-box; display: inline-block; max-width: 100%; margin-bottom: 0px; font-size: 13px; vertical-align: middle; position: relative; min-height: 1px; padding-left: 15px; float: left; width: 274.156px; padding-top: 7px; text-align: right; color: rgb(68, 68, 68); font-family: &quot;Open Sans&quot;, &quot;Segoe UI&quot;; white-space: normal; background-color: rgb(251, 251, 251); padding-right: 0px !important;">æè¿°</label><label class="col-sm-2 control-label no-padding-right" style="box-sizing: border-box; display: inline-block; max-width: 100%; margin-bottom: 0px; font-size: 13px; vertical-align: middle; position: relative; min-height: 1px; padding-left: 15px; float: left; width: 274.156px; padding-top: 7px; text-align: right; color: rgb(68, 68, 68); font-family: &quot;Open Sans&quot;, &quot;Segoe UI&quot;; white-space: normal; background-color: rgb(251, 251, 251); padding-right: 0px !important;">æè¿°</label></p>', 0, 0, 1531203520, 13),
(8, 'æ ‡é¢˜', 'å…³é”®å­—', '', '\\uploads/20180710\\0b9d536ee8e88b493f2519e54da585ab.jpg', 'ä½œè€…', '<p><span style="color: rgb(68, 68, 68); font-family: &quot;Open Sans&quot;, &quot;Segoe UI&quot;; font-size: 13px; text-align: right; background-color: rgb(251, 251, 251);">å…³é”®å­—</span><span style="color: rgb(68, 68, 68); font-family: &quot;Open Sans&quot;, &quot;Segoe UI&quot;; font-size: 13px; text-align: right; background-color: rgb(251, 251, 251);">å…³é”®å­—</span><span style="color: rgb(68, 68, 68); font-family: &quot;Open Sans&quot;, &quot;Segoe UI&quot;; font-size: 13px; text-align: right; background-color: rgb(251, 251, 251);">å…³é”®å­—</span></p>', 0, 0, 1531226709, 14);

-- --------------------------------------------------------

--
-- è¡¨çš„ç»“æ„ `auth_group`
--

CREATE TABLE IF NOT EXISTS `auth_group` (
  `id` mediumint(8) unsigned NOT NULL AUTO_INCREMENT,
  `title` char(100) NOT NULL DEFAULT '',
  `status` tinyint(1) NOT NULL DEFAULT '1',
  `rules` char(80) NOT NULL DEFAULT '',
  PRIMARY KEY (`id`)
) ENGINE=MyISAM  DEFAULT CHARSET=utf8 AUTO_INCREMENT=8 ;

--
-- è½¬å­˜è¡¨ä¸­çš„æ•°æ® `auth_group`
--

INSERT INTO `auth_group` (`id`, `title`, `status`, `rules`) VALUES
(5, 'ç³»ç»Ÿè®¾ç½®', 1, '2,4'),
(7, 'æ–‡ç« ç®¡ç†å‘˜', 1, '15,18,17,16'),
(3, 'è¶…çº§ç®¡ç†å‘˜', 1, '19,22,21,20,2,4,1,3,23,5,15,18,17,16'),
(4, 'ç®¡ç†å‘˜', 1, ''),
(6, 'æ ç›®æ·»åŠ å‘˜', 1, '1,5');

-- --------------------------------------------------------

--
-- è¡¨çš„ç»“æ„ `auth_group_access`
--

CREATE TABLE IF NOT EXISTS `auth_group_access` (
  `uid` mediumint(8) unsigned NOT NULL,
  `group_id` mediumint(8) unsigned NOT NULL,
  UNIQUE KEY `uid_group_id` (`uid`,`group_id`),
  KEY `uid` (`uid`),
  KEY `group_id` (`group_id`)
) ENGINE=MyISAM DEFAULT CHARSET=utf8;

--
-- è½¬å­˜è¡¨ä¸­çš„æ•°æ® `auth_group_access`
--

INSERT INTO `auth_group_access` (`uid`, `group_id`) VALUES
(1, 7),
(6, 3),
(9, 5),
(10, 6);

-- --------------------------------------------------------

--
-- è¡¨çš„ç»“æ„ `auth_rule`
--

CREATE TABLE IF NOT EXISTS `auth_rule` (
  `id` mediumint(8) unsigned NOT NULL AUTO_INCREMENT,
  `name` char(80) NOT NULL DEFAULT '',
  `title` char(20) NOT NULL DEFAULT '',
  `type` tinyint(1) NOT NULL DEFAULT '1',
  `status` tinyint(1) NOT NULL DEFAULT '1',
  `condition` char(100) NOT NULL DEFAULT '',
  `pid` mediumint(8) unsigned NOT NULL DEFAULT '0',
  `level` tinyint(1) NOT NULL DEFAULT '0',
  `sort` varchar(5) NOT NULL DEFAULT '50',
  PRIMARY KEY (`id`),
  UNIQUE KEY `name` (`name`)
) ENGINE=MyISAM  DEFAULT CHARSET=utf8 AUTO_INCREMENT=24 ;

--
-- è½¬å­˜è¡¨ä¸­çš„æ•°æ® `auth_rule`
--

INSERT INTO `auth_rule` (`id`, `name`, `title`, `type`, `status`, `condition`, `pid`, `level`, `sort`) VALUES
(1, 'cate', 'æ ç›®è®¾ç½®', 1, 1, '', 0, 0, '3'),
(2, 'sys', 'ç³»ç»Ÿè®¾ç½®', 1, 1, '', 0, 0, '50'),
(3, 'cate/edit', 'ç¼–è¾‘æ ç›®', 1, 1, '', 1, 1, '6'),
(4, 'conf/lists', 'é…ç½®åˆ—è¡¨', 1, 1, '', 2, 1, '50'),
(5, 'cate/add', 'æ·»åŠ æ ç›®', 1, 1, '', 1, 1, '4'),
(19, 'admin', 'ç®¡ç†å‘˜ç®¡ç†', 1, 1, '', 0, 0, '50'),
(15, 'article', 'æ–‡ç« è®¾ç½®', 1, 1, '', 0, 0, '2'),
(16, 'article/add', 'æ·»åŠ æ–‡ç« ', 1, 1, '', 15, 1, '50'),
(17, 'article/edit', 'ç¼–è¾‘æ–‡ç« ', 1, 1, '', 15, 1, '50'),
(18, 'article/del', 'åˆ é™¤æ–‡ç« ', 1, 1, '', 15, 1, '50'),
(20, 'admin/add', 'æ·»åŠ ç®¡ç†å‘˜', 1, 1, '', 19, 1, '50'),
(21, 'admin/edit', 'ç¼–è¾‘ç®¡ç†å‘˜', 1, 1, '', 19, 1, '50'),
(22, 'admin/del', 'åˆ é™¤ç®¡ç†å‘˜', 1, 1, '', 19, 1, '50'),
(23, 'cate/del', 'åˆ é™¤æ ç›®', 1, 1, '', 1, 1, '50');

-- --------------------------------------------------------

--
-- è¡¨çš„ç»“æ„ `cate`
--

CREATE TABLE IF NOT EXISTS `cate` (
  `id` mediumint(8) unsigned NOT NULL AUTO_INCREMENT,
  `catename` varchar(20) NOT NULL COMMENT 'æ ç›®åç§°',
  `type` tinyint(1) unsigned NOT NULL DEFAULT '1' COMMENT 'æ ç›®ç±»å‹;1:åˆ—è¡¨,2:å•é¡µ',
  `pid` mediumint(8) unsigned NOT NULL DEFAULT '0' COMMENT 'ä¸Šçº§æ ç›®id',
  `sort` mediumint(8) unsigned NOT NULL DEFAULT '50',
  PRIMARY KEY (`id`)
) ENGINE=MyISAM  DEFAULT CHARSET=utf8 AUTO_INCREMENT=17 ;

--
-- è½¬å­˜è¡¨ä¸­çš„æ•°æ® `cate`
--

INSERT INTO `cate` (`id`, `catename`, `type`, `pid`, `sort`) VALUES
(1, 'ç¬¬ä¸€', 1, 0, 1),
(2, 'ç¬¬äºŒ', 1, 0, 8),
(4, 'ç¬¬äºŒçš„å­å¯¼èˆª', 1, 2, 9),
(13, 'ç¬¬ä¸‰', 1, 0, 6),
(16, 'ç¬¬ä¸€çš„å­å­å¯¼èˆª2', 1, 15, 3),
(15, 'ç¬¬ä¸€çš„å­å¯¼èˆª', 1, 1, 2),
(14, 'ç¬¬ä¸‰çš„å­å¯¼èˆª22', 2, 13, 7);

-- --------------------------------------------------------

--
-- è¡¨çš„ç»“æ„ `conf`
--

CREATE TABLE IF NOT EXISTS `conf` (
  `id` mediumint(8) unsigned NOT NULL AUTO_INCREMENT,
  `cnname` varchar(50) NOT NULL COMMENT 'é…ç½®ä¸­æ–‡åç§°',
  `enname` varchar(50) NOT NULL COMMENT 'è‹±æ–‡åç§°',
  `type` tinyint(1) unsigned NOT NULL DEFAULT '1' COMMENT 'é…ç½®ç±»å‹1:å•é€‰æ–‡æœ¬ï¼›2ï¼šæ–‡æœ¬åŸŸï¼›3ï¼šå•é€‰ï¼›4ï¼šå¤é€‰ï¼›5ï¼šä¸‹æ‹‰',
  `value` varchar(250) NOT NULL COMMENT 'é…ç½®å€¼',
  `values` varchar(250) NOT NULL COMMENT 'é…ç½®å¯é€‰å€¼',
  `sort` smallint(5) unsigned NOT NULL DEFAULT '50' COMMENT 'ç´¢å¼•',
  PRIMARY KEY (`id`)
) ENGINE=MyISAM DEFAULT CHARSET=utf8 AUTO_INCREMENT=1 ;

/*!40101 SET CHARACTER_SET_CLIENT=@OLD_CHARACTER_SET_CLIENT */;
/*!40101 SET CHARACTER_SET_RESULTS=@OLD_CHARACTER_SET_RESULTS */;
/*!40101 SET COLLATION_CONNECTION=@OLD_COLLATION_CONNECTION */;
